{
  "A_market": {
    "n": 661,
    "win_rate": 0.34493192133131617,
    "wr_long": 0.39886039886039887,
    "wr_short": 0.3935483870967742,
    "total_return_sum": -2.6154576807903083,
    "total_return_comp": -2.582514687622972,
    "sharpe_per_trade": -3.1034732087762205,
    "sharpe_daily": -3.2705085299058223,
    "max_dd_pct": -2.628362407390445
  },
  "C_limit_close": {
    "n": 491,
    "win_rate": 0.384928716904277,
    "wr_long": 0.4196078431372549,
    "wr_short": 0.4788135593220339,
    "total_return_sum": -1.4860424696769146,
    "total_return_comp": -1.4756618082886308,
    "sharpe_per_trade": -2.2166123299724116,
    "sharpe_daily": -2.2476160557826286,
    "max_dd_pct": -1.638742826114001
  },
  "D1_sl_first": {
    "n": 491,
    "win_rate": 0.24439918533604887,
    "wr_long": 0.22745098039215686,
    "wr_short": 0.2711864406779661,
    "total_return_sum": -1.8267654263338258,
    "total_return_comp": -1.8102942602144623,
    "sharpe_per_trade": -7.365907390323571,
    "sharpe_daily": -4.9633677697187455,
    "max_dd_pct": -1.80743985989152
  },
  "D2_bm_formula": {
    "n": 491,
    "win_rate": 0.46435845213849286,
    "wr_long": 0.48627450980392156,
    "wr_short": 0.4491525423728814,
    "total_return_sum": -0.47595031842426977,
    "total_return_comp": -0.4749303328909771,
    "sharpe_per_trade": -1.655302392725244,
    "sharpe_daily": -1.5988094228901952,
    "max_dd_pct": -0.5451952867286997
  },
  "D3_coin_flip": {
    "n": 491,
    "win_rate": 0.5132382892057027,
    "wr_long": 0.5372549019607843,
    "wr_short": 0.4957627118644068,
    "total_return_sum": -0.14977719077109516,
    "total_return_comp": -0.14977565088276634,
    "sharpe_per_trade": -0.5175442235702988,
    "sharpe_daily": -0.5320980914546002,
    "max_dd_pct": -0.288608012126986
  },
  "D4_close_based": {
    "n": 491,
    "win_rate": 0.45213849287169044,
    "wr_long": 0.44313725490196076,
    "wr_short": 0.4703389830508475,
    "total_return_sum": -0.47484822855290604,
    "total_return_comp": -0.47383326049372787,
    "sharpe_per_trade": -1.6529916512984943,
    "sharpe_daily": -1.5419261828405155,
    "max_dd_pct": -0.5937978601529862
  },
  "E_decision_layer": {
    "n": 353,
    "win_rate": 0.4985835694050991,
    "wr_long": 0.5459770114942529,
    "wr_short": 0.5363128491620112,
    "total_return_sum": 1.6055178276129634,
    "total_return_comp": 1.6158759919813637,
    "sharpe_per_trade": 1.1607952851256773,
    "sharpe_daily": 1.1880830625613163,
    "max_dd_pct": -0.47613749503563635
  },
  "E2_decision_close_only": {
    "n": 353,
    "win_rate": 0.5184135977337111,
    "wr_long": 0.5804597701149425,
    "wr_short": 0.5418994413407822,
    "total_return_sum": 2.4908045427482004,
    "total_return_comp": 2.5186296288450816,
    "sharpe_per_trade": 1.5785329466584435,
    "sharpe_daily": 1.6680751837339014,
    "max_dd_pct": -0.38177882443335265
  }
}