{
  "A_market": {
    "n": 359,
    "win_rate": 0.43175487465181056,
    "wr_long": 0.4778761061946903,
    "wr_short": 0.45528455284552843,
    "total_return_sum": -0.4838419298498802,
    "total_return_comp": -0.48316782298565286,
    "sharpe_per_trade": -0.9103496601694211,
    "sharpe_daily": -0.8570658301781947,
    "max_dd_pct": -0.7006728301773841
  },
  "C_limit_close": {
    "n": 269,
    "win_rate": 0.41263940520446096,
    "wr_long": 0.4642857142857143,
    "wr_short": 0.4864864864864865,
    "total_return_sum": -0.5153865506322756,
    "total_return_comp": -0.5143654862749036,
    "sharpe_per_trade": -1.2404322033261195,
    "sharpe_daily": -1.1736392360672194,
    "max_dd_pct": -0.6668368835504112
  },
  "D1_sl_first": {
    "n": 269,
    "win_rate": 0.275092936802974,
    "wr_long": 0.30952380952380953,
    "wr_short": 0.2810810810810811,
    "total_return_sum": -0.7083952020907842,
    "total_return_comp": -0.7059281397751027,
    "sharpe_per_trade": -5.689029736789423,
    "sharpe_daily": -4.266449992964646,
    "max_dd_pct": -0.7118919964588356
  },
  "D2_bm_formula": {
    "n": 269,
    "win_rate": 0.5018587360594795,
    "wr_long": 0.5476190476190477,
    "wr_short": 0.5027027027027027,
    "total_return_sum": -0.05563872120846302,
    "total_return_comp": -0.055657976803102915,
    "sharpe_per_trade": -0.3947024281184013,
    "sharpe_daily": -0.39282520901653334,
    "max_dd_pct": -0.1454633078471791
  },
  "D3_coin_flip": {
    "n": 269,
    "win_rate": 0.5539033457249071,
    "wr_long": 0.6071428571428571,
    "wr_short": 0.5513513513513514,
    "total_return_sum": 0.09604997561352777,
    "total_return_comp": 0.09606166645328429,
    "sharpe_per_trade": 0.6857963305627481,
    "sharpe_daily": 0.6634492136542817,
    "max_dd_pct": -0.04843020527372387
  },
  "D4_close_based": {
    "n": 269,
    "win_rate": 0.44981412639405205,
    "wr_long": 0.47619047619047616,
    "wr_short": 0.4594594594594595,
    "total_return_sum": -0.24277243129231574,
    "total_return_comp": -0.24251284957300667,
    "sharpe_per_trade": -1.7432553480898307,
    "sharpe_daily": -1.6792210559854455,
    "max_dd_pct": -0.2807690612960023
  },
  "E_decision_layer": {
    "n": 3483,
    "win_rate": 0.3956359460235429,
    "wr_long": 0.47086346235644405,
    "wr_short": 0.4620141342756184,
    "total_return_sum": -17.102158005194767,
    "total_return_comp": -15.732245618294893,
    "sharpe_per_trade": -5.942142680439575,
    "sharpe_daily": -5.949446687179372,
    "max_dd_pct": -15.82354705003264
  }
}