{
  "A_market": {
    "n": 286,
    "win_rate": 0.3881118881118881,
    "wr_long": 0.5068493150684932,
    "wr_short": 0.39436619718309857,
    "total_return_sum": -0.9119123839624446,
    "total_return_comp": -0.9081526991543409,
    "sharpe_per_trade": -1.709322154819784,
    "sharpe_daily": -1.590746452498133,
    "max_dd_pct": -1.0082892692616081
  },
  "C_limit_close": {
    "n": 217,
    "win_rate": 0.391705069124424,
    "wr_long": 0.5098039215686274,
    "wr_short": 0.4819277108433735,
    "total_return_sum": -0.43524788375339024,
    "total_return_comp": -0.4345947623548563,
    "sharpe_per_trade": -0.9273211412792843,
    "sharpe_daily": -0.8440713359600632,
    "max_dd_pct": -0.5864128687184662
  },
  "D1_sl_first": {
    "n": 217,
    "win_rate": 0.271889400921659,
    "wr_long": 0.29411764705882354,
    "wr_short": 0.2891566265060241,
    "total_return_sum": -0.6425328318756767,
    "total_return_comp": -0.6405117128675863,
    "sharpe_per_trade": -4.293362388506679,
    "sharpe_daily": -3.2401679283245013,
    "max_dd_pct": -0.6379256092740693
  },
  "D2_bm_formula": {
    "n": 217,
    "win_rate": 0.4838709677419355,
    "wr_long": 0.5098039215686274,
    "wr_short": 0.5,
    "total_return_sum": -0.1021374107839233,
    "total_return_comp": -0.10212279512704647,
    "sharpe_per_trade": -0.6061716200452674,
    "sharpe_daily": -0.6150323439512375,
    "max_dd_pct": -0.16927676081048454
  },
  "D3_coin_flip": {
    "n": 217,
    "win_rate": 0.5253456221198156,
    "wr_long": 0.5490196078431373,
    "wr_short": 0.5421686746987951,
    "total_return_sum": -0.0022909529792126205,
    "total_return_comp": -0.00232829702813131,
    "sharpe_per_trade": -0.013588057832694943,
    "sharpe_daily": -0.013833726546470639,
    "max_dd_pct": -0.09662537211067612
  },
  "D4_close_based": {
    "n": 217,
    "win_rate": 0.45161290322580644,
    "wr_long": 0.45098039215686275,
    "wr_short": 0.4759036144578313,
    "total_return_sum": -0.1722505758365022,
    "total_return_comp": -0.17213992181128734,
    "sharpe_per_trade": -1.026854052307792,
    "sharpe_daily": -1.091575064919091,
    "max_dd_pct": -0.2109191942880122
  },
  "E_decision_layer": {
    "n": 820,
    "win_rate": 0.4634146341463415,
    "wr_long": 0.46153846153846156,
    "wr_short": 0.5245033112582781,
    "total_return_sum": 0.12885485136853425,
    "total_return_comp": 0.12473296062649464,
    "sharpe_per_trade": 0.07221487920387068,
    "sharpe_daily": 0.0764283983291617,
    "max_dd_pct": -0.9490789081676639
  },
  "E2_decision_close_only": {
    "n": 820,
    "win_rate": 0.4658536585365854,
    "wr_long": 0.49230769230769234,
    "wr_short": 0.5271523178807948,
    "total_return_sum": -1.3988139864986064,
    "total_return_comp": -1.3952559550387766,
    "sharpe_per_trade": -0.6423877567371169,
    "sharpe_daily": -0.6190364756131451,
    "max_dd_pct": -1.977205013432683
  },
  "E3_extremes_boost": {
    "n": 820,
    "win_rate": 0.4658536585365854,
    "wr_long": 0.49230769230769234,
    "wr_short": 0.5271523178807948,
    "total_return_sum": -1.3988139864986064,
    "total_return_comp": -1.3952559550387766,
    "sharpe_per_trade": -0.6423877567371169,
    "sharpe_daily": -0.6190364756131451,
    "max_dd_pct": -1.977205013432683
  }
}