{
  "A_market": {
    "n": 758,
    "win_rate": 0.3839050131926121,
    "wr_long": 0.4493464052287582,
    "wr_short": 0.3561643835616438,
    "total_return_sum": -1.727414128399356,
    "total_return_comp": -1.713450410663786,
    "sharpe_per_trade": -2.132979901283096,
    "sharpe_daily": -2.1488640074479757,
    "max_dd_pct": -1.8068006036218776
  },
  "C_limit_close": {
    "n": 545,
    "win_rate": 0.3596330275229358,
    "wr_long": 0.42289719626168226,
    "wr_short": 0.5042735042735043,
    "total_return_sum": -1.16028705177085,
    "total_return_comp": -1.154129409590221,
    "sharpe_per_trade": -1.8109170725825883,
    "sharpe_daily": -1.913297177471173,
    "max_dd_pct": -1.215292067512228
  },
  "D1_sl_first": {
    "n": 545,
    "win_rate": 0.22385321100917432,
    "wr_long": 0.2336448598130841,
    "wr_short": 0.2564102564102564,
    "total_return_sum": -1.8122751381552873,
    "total_return_comp": -1.796041444506291,
    "sharpe_per_trade": -8.446358948912296,
    "sharpe_daily": -5.62908143632138,
    "max_dd_pct": -1.7923759260088088
  },
  "D2_bm_formula": {
    "n": 545,
    "win_rate": 0.44770642201834865,
    "wr_long": 0.46261682242990654,
    "wr_short": 0.46153846153846156,
    "total_return_sum": -0.5171451903189312,
    "total_return_comp": -0.5158969682626413,
    "sharpe_per_trade": -2.0417221444099964,
    "sharpe_daily": -2.116008583855568,
    "max_dd_pct": -0.5657976344060365
  },
  "D3_coin_flip": {
    "n": 545,
    "win_rate": 0.48073394495412847,
    "wr_long": 0.4976635514018692,
    "wr_short": 0.48717948717948717,
    "total_return_sum": -0.31256296921938337,
    "total_return_comp": -0.3121616013281425,
    "sharpe_per_trade": -1.2245857162214968,
    "sharpe_daily": -1.345600227039731,
    "max_dd_pct": -0.36598447634884884
  },
  "D4_close_based": {
    "n": 545,
    "win_rate": 0.42018348623853213,
    "wr_long": 0.42757009345794394,
    "wr_short": 0.46153846153846156,
    "total_return_sum": -0.6069100443373231,
    "total_return_comp": -0.6051595173951818,
    "sharpe_per_trade": -2.3970023446754523,
    "sharpe_daily": -2.3513839405466066,
    "max_dd_pct": -0.6251904430153049
  },
  "E_decision_layer": {
    "n": 996,
    "win_rate": 0.39759036144578314,
    "wr_long": 0.4277286135693215,
    "wr_short": 0.4779299847792998,
    "total_return_sum": -5.0027194084791935,
    "total_return_comp": -4.884335866669353,
    "sharpe_per_trade": -2.622428440287786,
    "sharpe_daily": -2.625793387806185,
    "max_dd_pct": -5.036836497563792
  },
  "E2_decision_close_only": {
    "n": 996,
    "win_rate": 0.3985943775100402,
    "wr_long": 0.4306784660766962,
    "wr_short": 0.4840182648401826,
    "total_return_sum": -5.133942268252532,
    "total_return_comp": -5.0104856689814685,
    "sharpe_per_trade": -2.351947613126554,
    "sharpe_daily": -2.393866586332267,
    "max_dd_pct": -5.506791042391479
  },
  "E3_extremes_boost": {
    "n": 996,
    "win_rate": 0.3985943775100402,
    "wr_long": 0.4306784660766962,
    "wr_short": 0.4840182648401826,
    "total_return_sum": -5.133942268252532,
    "total_return_comp": -5.0104856689814685,
    "sharpe_per_trade": -2.351947613126554,
    "sharpe_daily": -2.393866586332267,
    "max_dd_pct": -5.506791042391479
  }
}