{
  "A_market": {
    "n": 3130,
    "win_rate": 0.43130990415335463,
    "wr_long": 0.4720357941834452,
    "wr_short": 0.49459560193812896,
    "total_return_sum": -6.59200543897116,
    "total_return_comp": -6.38435949978069,
    "sharpe_per_trade": -3.3279979767393257,
    "sharpe_daily": -3.3799366577909282,
    "max_dd_pct": -6.445744463624011
  },
  "C_limit_close": {
    "n": 2306,
    "win_rate": 0.45663486556808325,
    "wr_long": 0.44193548387096776,
    "wr_short": 0.5425851703406813,
    "total_return_sum": -2.9541514185812403,
    "total_return_comp": -2.914595201209036,
    "sharpe_per_trade": -1.7572274064063316,
    "sharpe_daily": -1.752445131041647,
    "max_dd_pct": -3.2548815188396314
  },
  "D1_sl_first": {
    "n": 2306,
    "win_rate": 0.295316565481353,
    "wr_long": 0.22258064516129034,
    "wr_short": 0.3276553106212425,
    "total_return_sum": -7.113609883912646,
    "total_return_comp": -6.866939874267752,
    "sharpe_per_trade": -13.341348163298882,
    "sharpe_daily": -9.45592608816762,
    "max_dd_pct": -6.861588044567488
  },
  "D2_bm_formula": {
    "n": 2306,
    "win_rate": 0.48482220294882916,
    "wr_long": 0.44193548387096776,
    "wr_short": 0.5125250501002004,
    "total_return_sum": -1.8038526407286815,
    "total_return_comp": -1.7881306577477663,
    "sharpe_per_trade": -3.090468597213313,
    "sharpe_daily": -3.142992218777505,
    "max_dd_pct": -1.820997474054917
  },
  "D3_coin_flip": {
    "n": 2306,
    "win_rate": 0.5307892454466608,
    "wr_long": 0.5064516129032258,
    "wr_short": 0.5556112224448898,
    "total_return_sum": -0.5069443423221435,
    "total_return_comp": -0.506110350268496,
    "sharpe_per_trade": -0.8691648345062937,
    "sharpe_daily": -0.9061876909244891,
    "max_dd_pct": -0.5468742634639489
  },
  "D4_close_based": {
    "n": 2306,
    "win_rate": 0.5086730268863834,
    "wr_long": 0.44516129032258067,
    "wr_short": 0.5395791583166333,
    "total_return_sum": -1.2047561957295803,
    "total_return_comp": -1.1979744048654983,
    "sharpe_per_trade": -2.0700017320655895,
    "sharpe_daily": -2.01560319557561,
    "max_dd_pct": -1.351056506484222
  },
  "E_decision_layer": {
    "n": 7881,
    "win_rate": 0.402740768937952,
    "wr_long": 0.43837753510140404,
    "wr_short": 0.4726473708137597,
    "total_return_sum": -29.64470548375836,
    "total_return_comp": -25.68090488525775,
    "sharpe_per_trade": -5.770274082175294,
    "sharpe_daily": -6.0312910055023865,
    "max_dd_pct": -25.702532123739786
  }
}