{
  "A_market": {
    "n": 8817,
    "win_rate": 0.4952931836225474,
    "wr_long": 0.5038115038115039,
    "wr_short": 0.49991569718428597,
    "total_return_sum": -2.2340314595073503,
    "total_return_comp": -3.016029881858895,
    "sharpe_per_trade": -0.1017613165235367,
    "sharpe_daily": -0.10093352355016029,
    "max_dd_pct": -14.682669362645036
  },
  "C_limit_close": {
    "n": 6597,
    "win_rate": 0.5264514173108988,
    "wr_long": 0.4808447937131631,
    "wr_short": 0.5669809252356939,
    "total_return_sum": 17.44470501287029,
    "total_return_comp": 18.32036736182272,
    "sharpe_per_trade": 0.9170055592043922,
    "sharpe_daily": 0.9232314348888794,
    "max_dd_pct": -6.697842841856974
  },
  "D1_sl_first": {
    "n": 6597,
    "win_rate": 0.2728512960436562,
    "wr_long": 0.22053045186640471,
    "wr_short": 0.3001534751151063,
    "total_return_sum": -78.96590330000197,
    "total_return_comp": -54.62020525976388,
    "sharpe_per_trade": -16.43190893393964,
    "sharpe_daily": -14.921033305337268,
    "max_dd_pct": -54.61379224499121
  },
  "D2_bm_formula": {
    "n": 6597,
    "win_rate": 0.4891617401849325,
    "wr_long": 0.47445972495088407,
    "wr_short": 0.4996711247533436,
    "total_return_sum": 25.5661899432441,
    "total_return_comp": 29.065447953169677,
    "sharpe_per_trade": 4.704539426955522,
    "sharpe_daily": 4.515313235457449,
    "max_dd_pct": -0.9438494655298996
  },
  "D3_coin_flip": {
    "n": 6597,
    "win_rate": 0.548431105047749,
    "wr_long": 0.5446954813359528,
    "wr_short": 0.5540451655338742,
    "total_return_sum": 54.36815264818931,
    "total_return_comp": 72.14224090881432,
    "sharpe_per_trade": 9.997568052135367,
    "sharpe_daily": 9.24936522469744,
    "max_dd_pct": -0.6463086672094814
  },
  "D4_close_based": {
    "n": 6597,
    "win_rate": 0.5382749734727906,
    "wr_long": 0.48280943025540274,
    "wr_short": 0.5669809252356939,
    "total_return_sum": 51.279437972509776,
    "total_return_comp": 66.90641829155904,
    "sharpe_per_trade": 9.400384029382693,
    "sharpe_daily": 9.078233937432683,
    "max_dd_pct": -0.5156179815452496
  }
}