{
  "seeds": [
    42,
    123,
    7
  ],
  "dir_acc_ensemble": 0.5182103396535261,
  "baseline": 0.4680125494475515,
  "edge": 0.050197790205974646,
  "cls_f1_macro": 0.2748062622913319
}