{
  "baseline_dir_acc": 0.5314509365389991,
  "n_test": 19067,
  "n_repeats": 3,
  "seeds": [
    42,
    123,
    7
  ],
  "importances": {
    "imoex_vol20": 0.007082,
    "macd_sig": 0.005498,
    "spread_hl_norm": 0.004776,
    "rs_5d": 0.004263,
    "atr": 0.00417,
    "rsi_pct": 0.003984,
    "range_atr_ratio": 0.003192,
    "bb_pct": 0.003005,
    "ema9": 0.002935,
    "roc5": 0.002889,
    "cci": 0.002796,
    "stoch": 0.002726,
    "macd": 0.002679,
    "week_number": 0.002609,
    "vol_ratio": 0.002586,
    "bb_upper": 0.002213,
    "bb_lower": 0.00219,
    "ema21": 0.002027,
    "ema50": 0.001934,
    "dist_fib_618": 0.001654,
    "imoex_ret5": 0.001444,
    "williams_r": 0.001188,
    "roc10": 0.001002,
    "rolling_skew5": 0.000932,
    "close_rel": 0.000862,
    "is_monday": 0.000862,
    "range_norm": 0.000769,
    "is_friday": 0.000489,
    "imoex_ret20": 0.000373,
    "rsi": 0.00014,
    "day_of_week": 7e-05,
    "dist_fib_382": -0.0,
    "overnight_gap": -0.000303,
    "sent_vol_price": -0.000513,
    "volume_imbalance": -0.000652,
    "month": -0.001607,
    "rs_20d": -0.007362
  }
}