{
  "timestamp": "2026-03-18T03:18:53.941295",
  "accuracy": 0.453232462173315,
  "macro_f1": 0.4415339921822989,
  "confidence_thr": 0.0,
  "per_class": {
    "BUY": {
      "precision": 0.4556213017751479,
      "recall": 0.3326133909287257,
      "f1": 0.38451935081148564
    },
    "HOLD": {
      "precision": 0.38477801268498946,
      "recall": 0.40176600441501104,
      "f1": 0.3930885529157667
    },
    "SELL": {
      "precision": 0.5023328149300156,
      "recall": 0.6003717472118959,
      "f1": 0.5469940728196444
    }
  }
}