{
  "accuracy": 0.372863907761993,
  "macro_f1": 0.3711552621246817,
  "dir_acc": 0.5066913732756846,
  "ohlc_mae": [
    0.043867044150829315,
    0.16855570673942566,
    0.17395150661468506,
    0.37333163619041443,
    0.24593475461006165,
    0.3117564916610718,
    0.3042066991329193,
    0.3468141555786133,
    0.35692980885505676,
    0.41504016518592834,
    0.39672088623046875,
    0.4415733218193054,
    0.4512714147567749,
    0.5059395432472229,
    0.4847426116466522,
    0.5276486277580261,
    0.5386844277381897,
    0.5848392844200134,
    0.5634446740150452,
    0.6029995083808899
  ]
}