{
  "timestamp": "2026-03-20T02:30:26.674792",
  "cls_accuracy": 0.3860052562417871,
  "cls_macro_f1": 0.3571598573656482,
  "ohlc_mae": 0.017859134823083878,
  "ohlc_mae_per_ch": {
    "ΔOpen": 0.015077819116413593,
    "ΔHigh": 0.018438471481204033,
    "ΔLow": 0.018088100478053093,
    "ΔClose": 0.019832095131278038
  },
  "direction_acc": 0.49030880420499345,
  "per_class": {
    "BUY": {
      "precision": 0.3094919786096257,
      "recall": 0.2775779376498801,
      "f1": 0.29266750948166875
    },
    "HOLD": {
      "precision": 0.4371936274509804,
      "recall": 0.5990764063811923,
      "f1": 0.5054906128232377
    },
    "SELL": {
      "precision": 0.3463855421686747,
      "recall": 0.22571148184494602,
      "f1": 0.27332144979203804
    }
  }
}