{
  "accuracy": 0.3549119427627958,
  "macro_f1": 0.35321149133089175,
  "dir_acc": 0.49408365437534396,
  "ohlc_mae": [
    0.05904167890548706,
    0.2382538914680481,
    0.2518709599971771,
    0.41468262672424316
  ]
}