{
  "timestamp": "2026-03-25T02:38:26.597057",
  "cls_accuracy": 0.3146657907702414,
  "cls_macro_f1": 0.28024182829694355,
  "ohlc_mae": 0.07216092944145203,
  "ohlc_mae_per_ch": {
    "ΔOpen": 0.07123210281133652,
    "ΔHigh": 0.035378243774175644,
    "ΔLow": 0.10442844033241272,
    "ΔClose": 0.0776052474975586
  },
  "direction_acc": 0.47807521760551813,
  "per_class": {
    "BUY": {
      "precision": 0.3017481631618951,
      "recall": 0.6265123619147817,
      "f1": 0.4073187414500684
    },
    "HOLD": {
      "precision": 0.296998420221169,
      "recall": 0.09381237524950099,
      "f1": 0.14258627227910503
    },
    "SELL": {
      "precision": 0.3558648111332008,
      "recall": 0.24587912087912087,
      "f1": 0.2908204711616572
    }
  }
}