{
  "timestamp": "2026-03-20T03:05:39.361690",
  "cls_accuracy": 0.3866622864651774,
  "cls_macro_f1": 0.37955324041876765,
  "ohlc_mae": 0.0195169560611248,
  "ohlc_mae_per_ch": {
    "ΔOpen": 0.016417989507317543,
    "ΔHigh": 0.019716383889317513,
    "ΔLow": 0.020098159089684486,
    "ΔClose": 0.02183527871966362
  },
  "direction_acc": 0.5110052562417872,
  "per_class": {
    "BUY": {
      "precision": 0.3322824716267339,
      "recall": 0.315947242206235,
      "f1": 0.3239090350338045
    },
    "HOLD": {
      "precision": 0.45607961921246215,
      "recall": 0.4424853064651553,
      "f1": 0.4491796292350309
    },
    "SELL": {
      "precision": 0.35280693747147424,
      "recall": 0.37929342492639845,
      "f1": 0.3655710569874675
    }
  }
}