{
  "accuracy": 0.3435083156525905,
  "macro_f1": 0.3387798220514326,
  "dir_acc": 0.5094791595373349,
  "temperature": 1.7658237218856812,
  "tta_passes": 5,
  "ohlc_mae": [
    0.07576312124729156,
    0.4015622138977051,
    0.37482404708862305,
    0.7147605419158936
  ]
}