{
  "accuracy": 0.4097952407304925,
  "macro_f1": 0.22970822203071353,
  "dir_acc_head": 0.49734525639234317,
  "dir_coverage": 0.9901770890979524,
  "ohlc_mae": [
    0.04587545245885849,
    0.18549126386642456,
    0.1786976456642151,
    0.22211213409900665
  ]
}