{
  "accuracy": 0.3637361883192643,
  "macro_f1": 0.3569874600690272,
  "dir_acc": 0.4978381717109327,
  "ohlc_mae": [
    0.04357700049877167,
    0.2893337905406952,
    0.289023220539093,
    0.27944302558898926
  ]
}