{
  "accuracy": 0.4322469982847341,
  "macro_f1": 0.3176916250505319,
  "dir_acc_head": 0.5321238575910517,
  "dir_coverage": 0.5029845626072041,
  "ohlc_mae": [
    0.09456328302621841,
    0.34458476305007935,
    0.3705248236656189,
    0.490866482257843
  ]
}