{
  "timestamp": "2026-03-20T04:12:33.760145",
  "cls_accuracy": 0.3459264126149803,
  "cls_macro_f1": 0.33386109587756,
  "ohlc_mae": 0.021257631480693817,
  "ohlc_mae_per_ch": {
    "ΔOpen": 0.017913974821567535,
    "ΔHigh": 0.021536896005272865,
    "ΔLow": 0.02177186869084835,
    "ΔClose": 0.023807881399989128
  },
  "direction_acc": 0.5039421813403416,
  "per_class": {
    "BUY": {
      "precision": 0.29002192982456143,
      "recall": 0.31714628297362113,
      "f1": 0.30297823596792667
    },
    "HOLD": {
      "precision": 0.44101633393829404,
      "recall": 0.2040302267002519,
      "f1": 0.27898966704936856
    },
    "SELL": {
      "precision": 0.3450347881087919,
      "recall": 0.5353287536800785,
      "f1": 0.4196153846153846
    }
  }
}