{
  "accuracy": 0.3582458307597282,
  "macro_f1": 0.3571324198566103,
  "dir_acc": 0.49845583693638046,
  "ohlc_mae": [
    0.043153636157512665,
    0.32881033420562744,
    0.31874486804008484,
    0.3695029616355896
  ]
}