{
  "accuracy": 0.3492553702559879,
  "macro_f1": 0.3492993342018614,
  "dir_acc": 0.4909752247615126,
  "ohlc_mae": [
    0.043923284858465195,
    0.17117026448249817,
    0.17429354786872864,
    0.4131304621696472,
    0.25113189220428467,
    0.32036471366882324,
    0.3104647397994995,
    0.3581943213939667,
    0.37112343311309814,
    0.42976829409599304,
    0.4142431914806366,
    0.46315547823905945,
    0.4722409248352051,
    0.531295120716095,
    0.5081107020378113,
    0.5542984008789062,
    0.5651888847351074,
    0.6202090978622437,
    0.5973523855209351,
    0.6435405611991882
  ]
}