{
  "SBER": [
    -0.04608321934938431,
    0.5995473265647888,
    0.2385394126176834,
    0.0,
    0.0,
    0.0,
    0.0,
    0.4320470690727234,
    0.0,
    -0.39573976397514343,
    0.14511996507644653,
    0.08703106641769409
  ],
  "SBERP": [
    -1.6003445386886597,
    -1.229072093963623,
    -0.9788341522216797,
    0.0,
    0.0,
    0.0,
    0.0,
    0.4320470690727234,
    0.0,
    -0.40151697397232056,
    0.14511996507644653,
    2.3498387336730957
  ],
  "VTBR": [
    -0.674490749835968,
    -0.5995473265647888,
    -0.37014737725257874,
    0.0,
    0.0,
    0.0,
    -0.6676315069198608,
    -0.4320470690727234,
    0.0,
    3.0,
    -0.14511996507644653,
    -0.08703106641769409
  ],
  "T": [
    0.37704452872276306,
    0.47963786125183105,
    1.0939911603927612,
    0.0,
    0.0,
    0.0,
    1.1050978899002075,
    0.7180063128471375,
    0.0,
    -2.414879083633423,
    3.0,
    0.43515533208847046
  ],
  "CBOM": [
    2.2832140922546387,
    -0.47963786125183105,
    -0.10693146288394928,
    0.0,
    0.0,
    0.0,
    -2.4205453395843506,
    -0.9853159785270691,
    0.0,
    0.0,
    -0.8889997005462646,
    -1.044372797012329
  ],
  "BSPB": [
    0.0,
    0.7494341731071472,
    0.10693146288394928,
    0.0,
    0.0,
    0.0,
    -0.6813499927520752,
    0.6309752464294434,
    0.0,
    0.39573976397514343,
    0.4599817991256714,
    -0.7832795977592468
  ],
  "MOEX": [
    1.02639901638031,
    3.0,
    1.29140305519104,
    0.0,
    0.0,
    0.0,
    0.10365055501461029,
    -0.9604499936103821,
    0.0,
    0.9474645256996155,
    -2.4759929180145264,
    0.8267951011657715
  ],
  "GAZP": [
    0.0,
    -0.34337711334228516,
    -0.4215567111968994,
    -0.2623019516468048,
    2.9587368965148926,
    0.0,
    -0.12033168226480484,
    -0.11592809855937958,
    0.8938440084457397,
    0.0,
    0.37882357835769653,
    0.4959490895271301
  ],
  "LKOH": [
    0.0,
    1.2999275922775269,
    1.6260044574737549,
    0.674490749835968,
    0.0,
    0.0,
    -3.0,
    -3.0,
    -3.0,
    1.4399490356445312,
    -3.0,
    0.8133565187454224
  ],
  "NVTK": [
    3.0,
    3.0,
    2.1318726539611816,
    0.8493587374687195,
    0.19145414233207703,
    0.0,
    -0.39582791924476624,
    0.11592809855937958,
    0.7410361170768738,
    0.0,
    0.914720356464386,
    -0.5356250405311584
  ],
  "ROSN": [
    2.625847578048706,
    0.29432323575019836,
    0.4215567111968994,
    0.0,
    0.0,
    0.0,
    -0.547825813293457,
    -0.7306983470916748,
    -0.2875417470932007,
    -1.1670465469360352,
    -1.9218367338180542,
    -0.9323843121528625
  ],
  "TATN": [
    2.63008975982666,
    0.6622272729873657,
    1.5296486616134644,
    0.0,
    -0.674490749835968,
    0.0,
    1.241316318511963,
    0.8501393795013428,
    0.0,
    -0.026624634861946106,
    0.0,
    -0.09918981790542603
  ],
  "TATNP": [
    -0.674490749835968,
    -0.9565505385398865,
    -0.6383573412895203,
    0.0,
    -0.674490749835968,
    0.0,
    1.241316318511963,
    0.8501393795013428,
    0.0,
    0.1375606209039688,
    0.0,
    2.598773241043091
  ],
  "SIBN": [
    3.0,
    0.5886464715003967,
    1.0719585418701172,
    0.0,
    3.0,
    0.0,
    0.126664936542511,
    -0.20375241339206696,
    -0.2070300430059433,
    -0.5990542769432068,
    -0.36265426874160767,
    -1.1704398393630981
  ],
  "SNGS": [
    -0.674490749835968,
    -0.29432323575019836,
    -0.542001485824585,
    0.0,
    0.0,
    0.0,
    3.0,
    3.0,
    3.0,
    -1.5176042318344116,
    1.3351221084594727,
    -0.37692129611968994
  ],
  "AFLT": [
    -0.5085995197296143,
    -1.9921005964279175,
    3.0,
    -2.143763542175293,
    3.0,
    0.0,
    1.30758535861969,
    0.392102986574173,
    0.16647110879421234,
    -0.33774834871292114,
    0.5727238655090332,
    1.7986420392990112
  ],
  "TRNFP": [
    -0.526017963886261,
    -0.6867542266845703,
    -0.6142683625221252,
    -3.0,
    -0.20685850083827972,
    0.0,
    0.12033168226480484,
    0.618283212184906,
    1.376914143562317,
    0.674490749835968,
    2.6794838905334473,
    0.09918981790542603
  ],
  "BANEP": [
    -0.6278278827667236,
    -0.9810774922370911,
    -0.7106242179870605,
    0.0,
    0.0,
    0.0,
    -0.801155686378479,
    -0.20726539194583893,
    -0.6079453825950623,
    0.7432710528373718,
    -0.43426117300987244,
    1.1307638883590698
  ],
  "FLOT": [
    0.0,
    0.3764599561691284,
    -0.9120954871177673,
    0.0,
    0.5144116282463074,
    0.0,
    -0.8867882490158081,
    -1.0098953247070312,
    -1.3381621837615967,
    0.0,
    -3.0,
    0.4496605098247528
  ],
  "GMKN": [
    0.06509459018707275,
    2.8525338172912598,
    1.6581231355667114,
    -0.33111363649368286,
    0.0,
    0.0,
    0.8103238940238953,
    0.7649253010749817,
    0.8939112424850464,
    0.0,
    0.022893942892551422,
    1.618777871131897
  ],
  "MAGN": [
    0.0,
    -0.6042312979698181,
    -0.3794010579586029,
    -1.9989453554153442,
    -0.7322524189949036,
    0.0,
    -0.48931097984313965,
    -0.5840562582015991,
    -0.4881781041622162,
    0.0,
    -0.9778984189033508,
    -0.13489815592765808
  ],
  "NLMK": [
    -0.29500314593315125,
    -0.1826745867729187,
    -0.1405189037322998,
    0.0,
    -0.7222726345062256,
    0.0,
    0.03584124892950058,
    0.39313894510269165,
    0.22201716899871826,
    0.0,
    -0.7006552815437317,
    0.0
  ],
  "CHMF": [
    3.0,
    0.6885426640510559,
    0.7166464328765869,
    0.20847895741462708,
    -0.674490749835968,
    0.0,
    -0.23374727368354797,
    -0.1532362550497055,
    -0.1661882847547531,
    0.0,
    -0.6483262777328491,
    0.26979631185531616
  ],
  "RUAL": [
    0.0,
    -0.6042312979698181,
    -0.0562075637280941,
    3.0,
    0.023588526993989944,
    0.0,
    -0.5386576056480408,
    -0.5463752150535583,
    -0.47065043449401855,
    0.0,
    0.6050541996955872,
    -0.40469446778297424
  ],
  "ENPG": [
    1.1426178216934204,
    -1.4473447799682617,
    -0.6323350667953491,
    -1.0056043863296509,
    0.14757950603961945,
    0.0,
    -0.25244706869125366,
    -0.21603800356388092,
    -0.18501430749893188,
    0.0,
    0.525554358959198,
    -0.9442870616912842
  ],
  "PLZL": [
    -0.06509459018707275,
    3.0,
    3.0,
    1.1159756183624268,
    2.1203465461730957,
    0.0,
    3.0,
    3.0,
    2.5895512104034424,
    1.4200764894485474,
    0.19095057249069214,
    0.13489815592765808
  ],
  "ALRS": [
    -1.0013487339019775,
    0.5199199318885803,
    -0.2529340386390686,
    0.674490749835968,
    -0.30120736360549927,
    0.0,
    0.1345345377922058,
    0.36048203706741333,
    0.7296704649925232,
    0.0,
    -0.022893942892551422,
    1.753675937652588
  ],
  "UGLD": [
    0.314393013715744,
    2.374769449234009,
    2.7541706562042236,
    -0.09810774773359299,
    0.48144790530204773,
    0.0,
    1.1573086977005005,
    0.8942968845367432,
    0.6848775148391724,
    0.0,
    2.2423484325408936,
    -1.348981499671936
  ],
  "SELG": [
    0.0,
    -0.4075048267841339,
    3.0,
    -0.6499637961387634,
    3.0,
    0.0,
    -3.0,
    -0.9558426141738892,
    -1.0204999446868896,
    0.0,
    2.4848732948303223,
    0.5395926237106323
  ],
  "MTLR": [
    0.0,
    -1.7283825874328613,
    -1.166306972503662,
    3.0,
    -2.190608024597168,
    0.0,
    2.625761032104492,
    -3.0,
    -2.075406074523926,
    0.0,
    -1.244575023651123,
    2.967759370803833
  ],
  "RASP": [
    0.0,
    0.1826745867729187,
    -0.042155671864748,
    0.0,
    0.0,
    0.0,
    -1.9852935075759888,
    -3.0,
    -3.0,
    0.0,
    -1.2521225214004517,
    -1.8885741233825684
  ],
  "TRMK": [
    0.0,
    -1.3349295854568481,
    2.9087414741516113,
    -0.8461793065071106,
    3.0,
    0.0,
    -3.0,
    -0.798838198184967,
    -0.6641039848327637,
    0.0,
    -1.1479676961898804,
    -1.753675937652588
  ],