{
  "accuracy": 0.4474785591766724,
  "macro_f1": 0.30625218721173114,
  "dir_acc_head": 0.5164370481516847,
  "dir_coverage": 0.5029845626072041,
  "ohlc_mae": [
    0.09390289336442947,
    0.3448164165019989,
    0.36957457661628723,
    0.4915936291217804
  ]
}