{
  "accuracy": 0.4953001715265866,
  "macro_f1": 0.22401663511177997,
  "dir_acc_head": 0.4935206656663484,
  "dir_coverage": 0.5029845626072041,
  "ohlc_mae": [
    0.09193898737430573,
    0.34469082951545715,
    0.3681589365005493,
    0.49054715037345886
  ]
}