{
  "accuracy": 0.40692967409948544,
  "macro_f1": 0.3343637922287,
  "dir_acc_head": 0.5317146364752421,
  "dir_coverage": 0.5029845626072041,
  "ohlc_mae": [
    0.09541480243206024,
    0.34919536113739014,
    0.3755539357662201,
    0.49588748812675476
  ]
}